{
	"info": {
		"_postman_id": "ade59de7-2a43-4711-a30b-46fb76736aef",
		"name": "BM Airline - Staging",
		"schema": "https://schema.getpostman.com/json/collection/v2.1.0/collection.json"
	},
	"item": [
		{
			"name": "Search Air",
			"request": {
				"method": "POST",
				"header": [
					{
						"key": "Authorization",
						"value": "{{AUTH_HEADER}}",
						"type": "text"
					}
				],
				"body": {
					"mode": "formdata",
					"formdata": [
						{
							"key": "api_key",
							"value": "{{API_KEY}}",
							"description": "Required",
							"type": "text"
						},
						{
							"key": "from",
							"value": "MCI",
							"description": "Required",
							"type": "text"
						},
						{
							"key": "to",
							"value": "LHE",
							"description": "Required",
							"type": "text"
						},
						{
							"key": "dep_date",
							"value": "2019-12-22",
							"description": "Required",
							"type": "text"
						},
						{
							"key": "return_date",
							"value": "2020-01-10",
							"description": "Required",
							"type": "text"
						},
						{
							"key": "no_of_adults",
							"value": "2",
							"description": "Required",
							"type": "text"
						},
						{
							"key": "no_of_children",
							"value": "1",
							"type": "text",
							"disabled": true
						},
						{
							"key": "no_of_infants",
							"value": "1",
							"type": "text",
							"disabled": true
						},
						{
							"key": "cabin",
							"value": "Economy",
							"description": "Optional | Default Economy",
							"type": "text"
						}
					]
				},
				"url": {
					"raw": "https://bookme.pk/REST_STG/API/flight.php?search",
					"protocol": "https",
					"host": [
						"bookme",
						"pk"
					],
					"path": [
						"REST_STG",
						"API",
						"flight.php"
					],
					"query": [
						{
							"key": "search",
							"value": null
						}
					]
				}
			},
			"response": []
		},
		{
			"name": "Air Price",
			"request": {
				"method": "POST",
				"header": [
					{
						"key": "Authorization",
						"value": "{{AUTH_HEADER}}",
						"type": "text"
					}
				],
				"body": {
					"mode": "formdata",
					"formdata": [
						{
							"key": "api_key",
							"value": "{{API_KEY}}",
							"description": "Required",
							"type": "text"
						},
						{
							"key": "no_of_adults",
							"value": "2",
							"description": "Required",
							"type": "text"
						},
						{
							"key": "no_of_children",
							"value": "1",
							"type": "text",
							"disabled": true
						},
						{
							"key": "no_of_infants",
							"value": "1",
							"type": "text",
							"disabled": true
						},
						{
							"key": "ref_id",
							"value": "de2cc7081ad37b798871143d7eccb0cd",
							"description": "Required",
							"type": "text"
						},
						{
							"key": "journey_ref_id",
							"value": "e3ad591b6f9ff3c73f18fc4d4bfe4ee8",
							"description": "Required",
							"type": "text"
						}
					]
				},
				"url": {
					"raw": "https://bookme.pk/REST_STG/API/flight.php?air_price",
					"protocol": "https",
					"host": [
						"bookme",
						"pk"
					],
					"path": [
						"REST_STG",
						"API",
						"flight.php"
					],
					"query": [
						{
							"key": "air_price",
							"value": null
						}
					]
				}
			},
			"response": []
		},
		{
			"name": "Seat Map",
			"request": {
				"method": "POST",
				"header": [
					{
						"key": "Authorization",
						"value": "Provider Authorization Header",
						"type": "text"
					}
				],
				"body": {
					"mode": "formdata",
					"formdata": [
						{
							"key": "api_key",
							"value": "Provider API Key",
							"description": "API Key",
							"type": "text"
						},
						{
							"key": "no_of_adults",
							"value": "2",
							"description": "Required",
							"type": "text"
						},
						{
							"key": "no_of_children",
							"value": "1",
							"description": "Int",
							"type": "text",
							"disabled": true
						},
						{
							"key": "no_of_infants",
							"value": "",
							"description": "Int",
							"type": "text",
							"disabled": true
						},
						{
							"key": "ref_id",
							"value": "0d5ef0749c1a81056e85d469c55acfe6",
							"description": "Required",
							"type": "text"
						},
						{
							"key": "flexible_dates",
							"value": "1",
							"type": "text",
							"disabled": true
						}
					]
				},
				"url": {
					"raw": "https://bookme.pk/REST_STG/API/flight.php?seat_map",
					"protocol": "https",
					"host": [
						"bookme",
						"pk"
					],
					"path": [
						"REST_STG",
						"API",
						"flight.php"
					],
					"query": [
						{
							"key": "seat_map",
							"value": ""
						}
					]
				}
			},
			"response": []
		},
		{
			"name": "Reservation",
			"request": {
				"method": "POST",
				"header": [
					{
						"key": "Authorization",
						"value": "{{AUTH_HEADER}}",
						"type": "text"
					}
				],
				"body": {
					"mode": "formdata",
					"formdata": [
						{
							"key": "api_key",
							"value": "{{API_KEY}}",
							"description": "Required",
							"type": "text"
						},
						{
							"key": "no_of_adults",
							"value": "2",
							"description": "Required",
							"type": "text"
						},
						{
							"key": "no_of_children",
							"value": "1",
							"type": "text",
							"disabled": true
						},
						{
							"key": "no_of_infants",
							"value": "",
							"type": "text",
							"disabled": true
						},
						{
							"key": "ref_id",
							"value": "de2cc7081ad37b798871143d7eccb0cd",
							"description": "Required",
							"type": "text"
						},
						{
							"key": "journey_ref_id",
							"value": "7463b872462dc96952bb61b98928f1b3",
							"description": "Required",
							"type": "text"
						},
						{
							"key": "traveler_type[]",
							"value": "ADT",
							"description": "Required | ADT(Adult)/CNN(Child)/INF(Infant)",
							"type": "text"
						},
						{
							"key": "prefix[]",
							"value": "Mr",
							"description": "Required",
							"type": "text"
						},
						{
							"key": "firstname[]",
							"value": "Afnan Akram",
							"description": "Required",
							"type": "text"
						},
						{
							"key": "lastname[]",
							"value": "Jutt",
							"description": "Required",
							"type": "text"
						},
						{
							"key": "gender[]",
							"value": "M",
							"description": "Optional For Domestic Flight | Required For International Journey",
							"type": "text"
						},
						{
							"key": "age[]",
							"value": "25",
							"description": "Optional For Domestic Flight | Required For International Journey",
							"type": "text",
							"disabled": true
						},
						{
							"key": "dob[]",
							"value": "1995-10-18",
							"description": "Optional For Domestic Flight | Required For International Journey",
							"type": "text"
						},
						{
							"key": "seat[]",
							"value": "yeYM41BAAA/Bc6OItTAAAA==:*,yeYM41BAAA/Be6OItTAAAA==:*,yeYM41BAAA/Bg6OItTAAAA==:*,yeYM41BAAA/Bi6OItTAAAA==:*",
							"description": "Air Segment Key:(Seat Code | *For Auto Assign), Air Segment Key:(Seat Code | *For Auto Assign)",
							"type": "text"
						},
						{
							"key": "passenger_country[]",
							"value": "US",
							"description": "Optional For Domestic Flight | Required For International Journey",
							"type": "text"
						},
						{
							"key": "nationality[]",
							"value": "US",
							"description": "Optional For Domestic Flight | Required For International Journey",
							"type": "text"
						},
						{
							"key": "passport_no[]",
							"value": "123456",
							"description": "Optional For Domestic Flight | Required For International Journey",
							"type": "text"
						},
						{
							"key": "passport_expiry[]",
							"value": "2020-10-10",
							"description": "Optional For Domestic Flight | Required For International Journey",
							"type": "text"
						},
						{
							"key": "address_name",
							"value": "House 358",
							"description": "Optional",
							"type": "text",
							"disabled": true
						},
						{
							"key": "street",
							"value": "Gulberg",
							"description": "Optional",
							"type": "text",
							"disabled": true
						},
						{
							"key": "city",
							"value": "Lahore",
							"description": "Optional",
							"type": "text",
							"disabled": true
						},
						{
							"key": "state",
							"value": "Punjab",
							"description": "Optional",
							"type": "text",
							"disabled": true
						},
						{
							"key": "postal_code",
							"value": "54000",
							"description": "Optional",
							"type": "text",
							"disabled": true
						},
						{
							"key": "country",
							"value": "US",
							"description": "Required",
							"type": "text"
						},
						{
							"key": "area_code",
							"value": "42",
							"description": "Optional",
							"type": "text",
							"disabled": true
						},
						{
							"key": "country_code",
							"value": "92",
							"description": "Optional",
							"type": "text",
							"disabled": true
						},
						{
							"key": "location",
							"value": "LHE",
							"description": "Optional",
							"type": "text",
							"disabled": true
						},
						{
							"key": "phone_number",
							"value": "0017733988910",
							"description": "Required",
							"type": "text"
						},
						{
							"key": "email",
							"value": "umar@bookme.pk",
							"description": "Required",
							"type": "text"
						},
						{
							"key": "cnic",
							"value": "123456-9876543-1",
							"description": "Required For Domestic Flight",
							"type": "text",
							"disabled": true
						},
						{
							"key": "traveler_type[]",
							"value": "ADT",
							"description": "Required | ADT(Adult)/CNN(Child)/INF(Infant)",
							"type": "text"
						},
						{
							"key": "prefix[]",
							"value": "Ms",
							"description": "Required",
							"type": "text"
						},
						{
							"key": "firstname[]",
							"value": "Minha Akram",
							"description": "Required",
							"type": "text"
						},
						{
							"key": "lastname[]",
							"value": "Jutt",
							"description": "Required",
							"type": "text"
						},
						{
							"key": "gender[]",
							"value": "F",
							"description": "Optional For Domestic Flight | Required For International Journey",
							"type": "text"
						},
						{
							"key": "age[]",
							"value": "23",
							"description": "Optional For Domestic Flight | Required For International Journey",
							"type": "text",
							"disabled": true
						},
						{
							"key": "dob[]",
							"value": "1997-10-31",
							"description": "Optional For Domestic Flight | Required For International Journey",
							"type": "text"
						},
						{
							"key": "seat[]",
							"value": "yeYM41BAAA/Bc6OItTAAAA==:2-A,yeYM41BAAA/Be6OItTAAAA==:*,yeYM41BAAA/Bg6OItTAAAA==:*,yeYM41BAAA/Bi6OItTAAAA==:*",
							"description": "Air Segment Key:(Seat Code | *For Auto Assign), Air Segment Key:(Seat Code | *For Auto Assign)",
							"type": "text"
						},
						{
							"key": "passenger_country[]",
							"value": "US",
							"description": "Optional For Domestic Flight | Required For International Journey",
							"type": "text"
						},
						{
							"key": "passport_no[]",
							"value": "123456",
							"description": "Optional For Domestic Flight | Required For International Journey",
							"type": "text"
						},
						{
							"key": "nationality[]",
							"value": "US",
							"description": "Optional For Domestic Flight | Required For International Journey",
							"type": "text"
						},
						{
							"key": "passport_expiry[]",
							"value": "2021-10-10",
							"description": "Optional For Domestic Flight | Required For International Journey",
							"type": "text"
						}
					]
				},
				"url": {
					"raw": "https://bookme.pk/REST_STG/API/flight.php?reservation",
					"protocol": "https",
					"host": [
						"bookme",
						"pk"
					],
					"path": [
						"REST_STG",
						"API",
						"flight.php"
					],
					"query": [
						{
							"key": "reservation",
							"value": null
						}
					]
				}
			},
			"response": []
		},
		{
			"name": "Get Airports",
			"request": {
				"method": "POST",
				"header": [
					{
						"key": "Authorization",
						"value": "{{AUTH_HEADER}}",
						"type": "text"
					}
				],
				"body": {
					"mode": "formdata",
					"formdata": [
						{
							"key": "api_key",
							"value": "{{API_KEY}}",
							"description": "Required",
							"type": "text"
						}
					]
				},
				"url": {
					"raw": "https://bookme.pk/REST_STG/API/flight.php?airports",
					"protocol": "https",
					"host": [
						"bookme",
						"pk"
					],
					"path": [
						"REST_STG",
						"API",
						"flight.php"
					],
					"query": [
						{
							"key": "airports",
							"value": null
						}
					]
				}
			},
			"response": []
		},
		{
			"name": "Get Airlines",
			"request": {
				"method": "POST",
				"header": [
					{
						"key": "Authorization",
						"value": "{{AUTH_HEADER}}",
						"type": "text"
					}
				],
				"body": {
					"mode": "formdata",
					"formdata": [
						{
							"key": "api_key",
							"value": "{{API_KEY}}",
							"description": "Required",
							"type": "text"
						},
						{
							"key": "code",
							"value": "PK",
							"description": "Optional",
							"type": "text"
						}
					]
				},
				"url": {
					"raw": "https://bookme.pk/REST_STG/API/flight.php?airlines",
					"protocol": "https",
					"host": [
						"bookme",
						"pk"
					],
					"path": [
						"REST_STG",
						"API",
						"flight.php"
					],
					"query": [
						{
							"key": "airlines",
							"value": null
						}
					]
				}
			},
			"response": []
		},
		{
			"name": "Search Airport",
			"request": {
				"method": "POST",
				"header": [
					{
						"key": "Authorization",
						"value": "{{AUTH_HEADER}}",
						"type": "text"
					}
				],
				"body": {
					"mode": "formdata",
					"formdata": [
						{
							"key": "api_key",
							"value": "{{API_KEY}}",
							"description": "Required",
							"type": "text"
						},
						{
							"key": "query",
							"value": "LHE",
							"description": "Required",
							"type": "text"
						}
					]
				},
				"url": {
					"raw": "https://bookme.pk/REST_STG/API/flight.php?search_airports",
					"protocol": "https",
					"host": [
						"bookme",
						"pk"
					],
					"path": [
						"REST_STG",
						"API",
						"flight.php"
					],
					"query": [
						{
							"key": "search_airports",
							"value": null
						}
					]
				}
			},
			"response": []
		},
		{
			"name": "Multi Search",
			"request": {
				"method": "POST",
				"header": [
					{
						"key": "Authorization",
						"value": "{{AUTH_HEADER}}",
						"type": "text"
					}
				],
				"body": {
					"mode": "formdata",
					"formdata": [
						{
							"key": "api_key",
							"value": "{{API_KEY}}",
							"description": "Required",
							"type": "text"
						},
						{
							"key": "froms[]",
							"value": "ORD",
							"description": "Required",
							"type": "text"
						},
						{
							"key": "tos[]",
							"value": "IST",
							"description": "Required",
							"type": "text"
						},
						{
							"key": "dep_dates[]",
							"value": "2019-12-26",
							"description": "Required",
							"type": "text"
						},
						{
							"key": "froms[]",
							"value": "IST",
							"type": "text"
						},
						{
							"key": "tos[]",
							"value": "LHE",
							"type": "text"
						},
						{
							"key": "dep_dates[]",
							"value": "2019-12-29",
							"type": "text"
						},
						{
							"key": "froms[]",
							"value": "LHE",
							"type": "text"
						},
						{
							"key": "tos[]",
							"value": "ORD",
							"type": "text"
						},
						{
							"key": "dep_dates[]",
							"value": "2020-01-10",
							"type": "text"
						},
						{
							"key": "cabin",
							"value": "Economy",
							"description": "Optional | Default Economy",
							"type": "text"
						},
						{
							"key": "no_of_adults",
							"value": "2",
							"description": "Required",
							"type": "text"
						},
						{
							"key": "no_of_children",
							"value": "1",
							"type": "text",
							"disabled": true
						},
						{
							"key": "no_of_infants",
							"value": "1",
							"type": "text",
							"disabled": true
						}
					]
				},
				"url": {
					"raw": "https://bookme.pk/REST_STG/API/flight.php?multi_search",
					"protocol": "https",
					"host": [
						"bookme",
						"pk"
					],
					"path": [
						"REST_STG",
						"API",
						"flight.php"
					],
					"query": [
						{
							"key": "multi_search",
							"value": null
						}
					]
				}
			},
			"response": []
		}
	],
	"protocolProfileBehavior": {}
}